{"blocks":[{"x":900,"y":50,"text":"начало","width":100,"height":30,"type":"Начало / конец","isMenuBlock":false,"fontSize":14,"textHeight":14,"isBold":false,"isItalic":false,"textAlign":"center","labelsPosition":1},{"x":900,"y":120,"text":"услышал будильник?","width":100,"height":40,"type":"Условие","isMenuBlock":false,"fontSize":14,"textHeight":14,"isBold":false,"isItalic":false,"textAlign":"center","labelsPosition":1},{"x":1050,"y":160,"text":"проснуться","width":100,"height":40,"type":"Блок","isMenuBlock":false,"fontSize":14,"textHeight":14,"isBold":false,"isItalic":false,"textAlign":"center","labelsPosition":1},{"x":1050,"y":240,"text":"умыться","width":100,"height":40,"type":"Блок","isMenuBlock":false,"fontSize":14,"textHeight":14,"isBold":false,"isItalic":false,"textAlign":"center","labelsPosition":1},{"x":1050,"y":320,"text":"лень","width":100,"height":40,"type":"Условие","isMenuBlock":false,"fontSize":14,"textHeight":14,"isBold":false,"isItalic":false,"textAlign":"center","labelsPosition":1},{"x":480,"y":160,"text":"подождать след.\nбудильник","width":100,"height":40,"type":"Блок","isMenuBlock":false,"fontSize":14,"textHeight":14,"isBold":false,"isItalic":false,"textAlign":"center","labelsPosition":1},{"x":480,"y":320,"text":"взлететь\nс кровати","width":100,"height":40,"type":"Блок","isMenuBlock":false,"fontSize":14,"textHeight":14,"isBold":false,"isItalic":false,"textAlign":"center","labelsPosition":1},{"x":1170,"y":400,"text":"не умываться","width":100,"height":40,"type":"Блок","isMenuBlock":false,"fontSize":14,"textHeight":14,"isBold":false,"isItalic":false,"textAlign":"center","labelsPosition":1},{"x":930,"y":400,"text":"умываться","width":100,"height":40,"type":"Блок","isMenuBlock":false,"fontSize":14,"textHeight":14,"isBold":false,"isItalic":false,"textAlign":"center","labelsPosition":1},{"x":1050,"y":480,"text":"покушать","width":100,"height":40,"type":"Блок","isMenuBlock":false,"fontSize":14,"textHeight":14,"isBold":false,"isItalic":false,"textAlign":"center","labelsPosition":1},{"x":1050,"y":560,"text":"лень готовить?","width":120,"height":40,"type":"Условие","isMenuBlock":false,"fontSize":14,"textHeight":14,"isBold":false,"isItalic":false,"textAlign":"center","labelsPosition":1},{"x":930,"y":620,"text":"приготовить\nнорм. еду","width":100,"height":40,"type":"Блок","isMenuBlock":false,"fontSize":14,"textHeight":14,"isBold":false,"isItalic":false,"textAlign":"center","labelsPosition":1},{"x":1170,"y":620,"text":"сварить\nрамен","width":100,"height":40,"type":"Блок","isMenuBlock":false,"fontSize":14,"textHeight":14,"isBold":false,"isItalic":false,"textAlign":"center","labelsPosition":1},{"x":430,"y":480,"text":"одет?","width":100,"height":40,"type":"Условие","isMenuBlock":false,"fontSize":14,"textHeight":14,"isBold":false,"isItalic":false,"textAlign":"center","labelsPosition":1},{"x":480,"y":560,"text":"собрать вещи\nв уник","width":100,"height":40,"type":"Блок","isMenuBlock":false,"fontSize":14,"textHeight":14,"isBold":false,"isItalic":false,"textAlign":"center","labelsPosition":1},{"x":430,"y":640,"text":"собрался?","width":100,"height":40,"type":"Условие","isMenuBlock":false,"fontSize":14,"textHeight":14,"isBold":false,"isItalic":false,"textAlign":"center","labelsPosition":1},{"x":480,"y":240,"text":"n >= 10","width":100,"height":40,"type":"Условие","isMenuBlock":false,"fontSize":14,"textHeight":14,"isBold":false,"isItalic":false,"textAlign":"center","labelsPosition":1},{"x":480,"y":720,"text":"пойти в уник","width":100,"height":40,"type":"Блок","isMenuBlock":false,"fontSize":14,"textHeight":14,"isBold":false,"isItalic":false,"textAlign":"center","labelsPosition":1},{"x":1050,"y":700,"text":"сделать\nчай","width":100,"height":40,"type":"Блок","isMenuBlock":false,"fontSize":14,"textHeight":14,"isBold":false,"isItalic":false,"textAlign":"center","labelsPosition":1},{"x":1050,"y":780,"text":"надо взбодриться","width":120,"height":40,"type":"Условие","isMenuBlock":false,"fontSize":14,"textHeight":14,"isBold":false,"isItalic":false,"textAlign":"center","labelsPosition":1},{"x":1170,"y":860,"text":"пуэр","width":100,"height":40,"type":"Блок","isMenuBlock":false,"fontSize":14,"textHeight":14,"isBold":false,"isItalic":false,"textAlign":"center","labelsPosition":1},{"x":930,"y":860,"text":"любой другой","width":100,"height":40,"type":"Блок","isMenuBlock":false,"fontSize":14,"textHeight":14,"isBold":false,"isItalic":false,"textAlign":"center","labelsPosition":1},{"x":930,"y":950,"text":"посмотреть\nсерию\nсериала","width":100,"height":60,"type":"Блок","isMenuBlock":false,"fontSize":14,"textHeight":14,"isBold":false,"isItalic":false,"textAlign":"center","labelsPosition":1},{"x":1170,"y":950,"text":"поделать дз\nна сегодня","width":100,"height":40,"type":"Блок","isMenuBlock":false,"fontSize":14,"textHeight":14,"isBold":false,"isItalic":false,"textAlign":"center","labelsPosition":1},{"x":480,"y":400,"text":"одеться","width":100,"height":40,"type":"Блок","isMenuBlock":false,"fontSize":14,"textHeight":14,"isBold":false,"isItalic":false,"textAlign":"center","labelsPosition":1},{"x":1000,"y":1120,"text":"одет?","width":100,"height":40,"type":"Условие","isMenuBlock":false,"fontSize":14,"textHeight":14,"isBold":false,"isItalic":false,"textAlign":"center","labelsPosition":1},{"x":1050,"y":1200,"text":"собрать вещи\nв уник","width":100,"height":40,"type":"Блок","isMenuBlock":false,"fontSize":14,"textHeight":14,"isBold":false,"isItalic":false,"textAlign":"center","labelsPosition":1},{"x":1000,"y":1280,"text":"собрался?","width":100,"height":40,"type":"Условие","isMenuBlock":false,"fontSize":14,"textHeight":14,"isBold":false,"isItalic":false,"textAlign":"center","labelsPosition":1},{"x":1050,"y":1040,"text":"одеться","width":100,"height":40,"type":"Блок","isMenuBlock":false,"fontSize":14,"textHeight":14,"isBold":false,"isItalic":false,"textAlign":"center","labelsPosition":1},{"x":1050,"y":1360,"text":"пойти в уник","width":100,"height":40,"type":"Блок","isMenuBlock":false,"fontSize":14,"textHeight":14,"isBold":false,"isItalic":false,"textAlign":"center","labelsPosition":1},{"x":1050,"y":1440,"text":"for i in range (1, 120)","width":140,"height":40,"type":"Цикл for","isMenuBlock":false,"fontSize":14,"textHeight":14,"isBold":false,"isItalic":false,"textAlign":"center","labelsPosition":1},{"x":1090,"y":1880,"text":"сесть в вагон\nметро","width":100,"height":40,"type":"Блок","isMenuBlock":false,"fontSize":14,"textHeight":14,"isBold":false,"isItalic":false,"textAlign":"center","labelsPosition":1},{"x":860,"y":1530,"text":"надо повернуть\nна право?","width":140,"height":60,"type":"Условие","isMenuBlock":false,"fontSize":14,"textHeight":14,"isBold":false,"isItalic":false,"textAlign":"center","labelsPosition":1},{"x":1230,"y":1530,"text":"надо повернуть\nна лево?","width":140,"height":60,"type":"Условие","isMenuBlock":false,"fontSize":14,"textHeight":14,"isBold":false,"isItalic":false,"textAlign":"center","labelsPosition":1},{"x":1350,"y":1620,"text":"повернуться","width":100,"height":40,"type":"Блок","isMenuBlock":false,"fontSize":14,"textHeight":14,"isBold":false,"isItalic":false,"textAlign":"center","labelsPosition":1},{"x":1110,"y":1620,"text":"не повернуться","width":100,"height":40,"type":"Блок","isMenuBlock":false,"fontSize":14,"textHeight":14,"isBold":false,"isItalic":false,"textAlign":"center","labelsPosition":1},{"x":990,"y":1620,"text":"повернуться","width":100,"height":40,"type":"Блок","isMenuBlock":false,"fontSize":14,"textHeight":14,"isBold":false,"isItalic":false,"textAlign":"center","labelsPosition":1},{"x":730,"y":1620,"text":"не повернуться","width":100,"height":40,"type":"Блок","isMenuBlock":false,"fontSize":14,"textHeight":14,"isBold":false,"isItalic":false,"textAlign":"center","labelsPosition":1},{"x":1050,"y":1730,"text":"сделать шаг","width":100,"height":40,"type":"Блок","isMenuBlock":false,"fontSize":14,"textHeight":14,"isBold":false,"isItalic":false,"textAlign":"center","labelsPosition":1},{"x":480,"y":810,"text":"for i in range (1, 120)","width":140,"height":40,"type":"Цикл for","isMenuBlock":false,"fontSize":14,"textHeight":14,"isBold":false,"isItalic":false,"textAlign":"center","labelsPosition":1},{"x":290,"y":900,"text":"надо повернуть\nна право?","width":140,"height":60,"type":"Условие","isMenuBlock":false,"fontSize":14,"textHeight":14,"isBold":false,"isItalic":false,"textAlign":"center","labelsPosition":1},{"x":660,"y":900,"text":"надо повернуть\nна лево?","width":140,"height":60,"type":"Условие","isMenuBlock":false,"fontSize":14,"textHeight":14,"isBold":false,"isItalic":false,"textAlign":"center","labelsPosition":1},{"x":780,"y":990,"text":"повернуться","width":100,"height":40,"type":"Блок","isMenuBlock":false,"fontSize":14,"textHeight":14,"isBold":false,"isItalic":false,"textAlign":"center","labelsPosition":1},{"x":540,"y":990,"text":"не повернуться","width":100,"height":40,"type":"Блок","isMenuBlock":false,"fontSize":14,"textHeight":14,"isBold":false,"isItalic":false,"textAlign":"center","labelsPosition":1},{"x":420,"y":990,"text":"повернуться","width":100,"height":40,"type":"Блок","isMenuBlock":false,"fontSize":14,"textHeight":14,"isBold":false,"isItalic":false,"textAlign":"center","labelsPosition":1},{"x":160,"y":990,"text":"не повернуться","width":100,"height":40,"type":"Блок","isMenuBlock":false,"fontSize":14,"textHeight":14,"isBold":false,"isItalic":false,"textAlign":"center","labelsPosition":1},{"x":480,"y":1100,"text":"сделать шаг","width":100,"height":40,"type":"Блок","isMenuBlock":false,"fontSize":14,"textHeight":14,"isBold":false,"isItalic":false,"textAlign":"center","labelsPosition":1},{"x":900,"y":2040,"text":"конец","width":100,"height":30,"type":"Начало / конец","isMenuBlock":false,"fontSize":14,"textHeight":14,"isBold":false,"isItalic":false,"textAlign":"center","labelsPosition":1}],"arrows":[{"startIndex":1,"endIndex":2,"startConnectorIndex":1,"endConnectorIndex":0,"nodes":[{"x":950,"y":120},{"x":1050,"y":120},{"x":1050,"y":140}],"counts":[1,1,1]},{"startIndex":2,"endIndex":3,"startConnectorIndex":2,"endConnectorIndex":0,"nodes":[{"x":1050,"y":180},{"x":1050,"y":200},{"x":1050,"y":220}],"counts":[1,1,1]},{"startIndex":3,"endIndex":4,"startConnectorIndex":2,"endConnectorIndex":0,"nodes":[{"x":1050,"y":260},{"x":1050,"y":280},{"x":1050,"y":300}],"counts":[1,1,1]},{"startIndex":4,"endIndex":8,"startConnectorIndex":3,"endConnectorIndex":0,"nodes":[{"x":1000,"y":320},{"x":930,"y":320},{"x":930,"y":360},{"x":930,"y":380}],"counts":[1,1,1,1]},{"startIndex":4,"endIndex":7,"startConnectorIndex":1,"endConnectorIndex":0,"nodes":[{"x":1100,"y":320},{"x":1170,"y":320},{"x":1170,"y":360},{"x":1170,"y":380}],"counts":[1,1,1,1]},{"startIndex":8,"endIndex":9,"startConnectorIndex":2,"endConnectorIndex":0,"nodes":[{"x":930,"y":420},{"x":930,"y":440},{"x":1050,"y":440},{"x":1050,"y":460}],"counts":[1,1,1,1]},{"startIndex":7,"endIndex":9,"startConnectorIndex":2,"endConnectorIndex":0,"nodes":[{"x":1170,"y":420},{"x":1170,"y":440},{"x":1050,"y":440},{"x":1050,"y":460}],"counts":[1,1,1,1]},{"startIndex":9,"endIndex":10,"startConnectorIndex":2,"endConnectorIndex":0,"nodes":[{"x":1050,"y":500},{"x":1050,"y":520},{"x":1050,"y":540}],"counts":[1,1,1]},{"startIndex":10,"endIndex":12,"startConnectorIndex":1,"endConnectorIndex":0,"nodes":[{"x":1110,"y":560},{"x":1170,"y":560},{"x":1170,"y":580},{"x":1170,"y":600}],"counts":[1,1,1,1]},{"startIndex":10,"endIndex":11,"startConnectorIndex":3,"endConnectorIndex":0,"nodes":[{"x":990,"y":560},{"x":930,"y":560},{"x":930,"y":580},{"x":930,"y":600}],"counts":[1,1,1,1]},{"startIndex":11,"endIndex":18,"startConnectorIndex":2,"endConnectorIndex":0,"nodes":[{"x":930,"y":640},{"x":930,"y":660},{"x":1050,"y":660},{"x":1050,"y":680}],"counts":[1,1,1,1]},{"startIndex":12,"endIndex":18,"startConnectorIndex":2,"endConnectorIndex":0,"nodes":[{"x":1170,"y":640},{"x":1170,"y":660},{"x":1050,"y":660},{"x":1050,"y":680}],"counts":[1,1,1,1]},{"startIndex":0,"endIndex":1,"startConnectorIndex":2,"endConnectorIndex":0,"nodes":[{"x":900,"y":65},{"x":900,"y":80},{"x":900,"y":100}],"counts":[1,1,1]},{"startIndex":19,"endIndex":21,"startConnectorIndex":3,"endConnectorIndex":0,"nodes":[{"x":990,"y":780},{"x":930,"y":780},{"x":930,"y":820},{"x":930,"y":840}],"counts":[1,1,1,1]},{"startIndex":18,"endIndex":19,"startConnectorIndex":2,"endConnectorIndex":0,"nodes":[{"x":1050,"y":720},{"x":1050,"y":740},{"x":1050,"y":760}],"counts":[1,1,1]},{"startIndex":19,"endIndex":20,"startConnectorIndex":1,"endConnectorIndex":0,"nodes":[{"x":1110,"y":780},{"x":1170,"y":780},{"x":1170,"y":820},{"x":1170,"y":840}],"counts":[1,1,1,1]},{"startIndex":21,"endIndex":22,"startConnectorIndex":2,"endConnectorIndex":0,"nodes":[{"x":930,"y":880},{"x":930,"y":900},{"x":930,"y":920}],"counts":[1,1,1]},{"startIndex":20,"endIndex":23,"startConnectorIndex":2,"endConnectorIndex":0,"nodes":[{"x":1170,"y":880},{"x":1170,"y":910},{"x":1170,"y":930}],"counts":[1,1,1]},{"startIndex":25,"endIndex":28,"startConnectorIndex":3,"endConnectorIndex":3,"nodes":[{"x":950,"y":1120},{"x":930,"y":1120},{"x":930,"y":1040},{"x":980,"y":1040},{"x":1000,"y":1040}],"counts":[1,1,1,1,1]},{"startIndex":28,"endIndex":25,"startConnectorIndex":2,"endConnectorIndex":0,"nodes":[{"x":1050,"y":1060},{"x":1050,"y":1080},{"x":1000,"y":1080},{"x":1000,"y":1100}],"counts":[1,1,1,1]},{"startIndex":25,"endIndex":26,"startConnectorIndex":1,"endConnectorIndex":0,"nodes":[{"x":1050,"y":1120},{"x":1070,"y":1120},{"x":1070,"y":1160},{"x":1050,"y":1160},{"x":1050,"y":1180}],"counts":[1,1,1,1,1]},{"startIndex":26,"endIndex":27,"startConnectorIndex":2,"endConnectorIndex":0,"nodes":[{"x":1050,"y":1220},{"x":1050,"y":1240},{"x":1000,"y":1240},{"x":1000,"y":1260}],"counts":[1,1,1,1]},{"startIndex":27,"endIndex":26,"startConnectorIndex":3,"endConnectorIndex":3,"nodes":[{"x":950,"y":1280},{"x":930,"y":1280},{"x":930,"y":1200},{"x":980,"y":1200},{"x":1000,"y":1200}],"counts":[1,1,1,1,1]},{"startIndex":22,"endIndex":28,"startConnectorIndex":2,"endConnectorIndex":0,"nodes":[{"x":930,"y":980},{"x":930,"y":1000},{"x":1050,"y":1000},{"x":1050,"y":1020}],"counts":[1,1,1,1]},{"startIndex":23,"endIndex":28,"startConnectorIndex":2,"endConnectorIndex":0,"nodes":[{"x":1170,"y":970},{"x":1170,"y":1000},{"x":1050,"y":1000},{"x":1050,"y":1020}],"counts":[1,1,1,1]},{"startIndex":29,"endIndex":30,"startConnectorIndex":2,"endConnectorIndex":0,"nodes":[{"x":1050,"y":1380},{"x":1050,"y":1400},{"x":1050,"y":1420}],"counts":[1,1,1]},{"startIndex":27,"endIndex":29,"startConnectorIndex":1,"endConnectorIndex":0,"nodes":[{"x":1050,"y":1280},{"x":1070,"y":1280},{"x":1070,"y":1320},{"x":1050,"y":1320},{"x":1050,"y":1340}],"counts":[1,1,1,1,1]},{"startIndex":30,"endIndex":33,"startConnectorIndex":2,"endConnectorIndex":0,"nodes":[{"x":1050,"y":1460},{"x":1050,"y":1490},{"x":1230,"y":1490},{"x":1230,"y":1500}],"counts":[1,1,1,1]},{"startIndex":30,"endIndex":32,"startConnectorIndex":2,"endConnectorIndex":0,"nodes":[{"x":1050,"y":1460},{"x":1050,"y":1480},{"x":860,"y":1480},{"x":860,"y":1500}],"counts":[1,1,1,1]},{"startIndex":33,"endIndex":35,"startConnectorIndex":3,"endConnectorIndex":0,"nodes":[{"x":1160,"y":1530},{"x":1110,"y":1530},{"x":1110,"y":1580},{"x":1110,"y":1600}],"counts":[1,1,1,1]},{"startIndex":33,"endIndex":34,"startConnectorIndex":1,"endConnectorIndex":0,"nodes":[{"x":1300,"y":1530},{"x":1350,"y":1530},{"x":1350,"y":1580},{"x":1350,"y":1600}],"counts":[1,1,1,1]},{"startIndex":32,"endIndex":37,"startConnectorIndex":3,"endConnectorIndex":0,"nodes":[{"x":790,"y":1530},{"x":730,"y":1530},{"x":730,"y":1580},{"x":730,"y":1600}],"counts":[1,1,1,1]},{"startIndex":32,"endIndex":36,"startConnectorIndex":1,"endConnectorIndex":0,"nodes":[{"x":930,"y":1530},{"x":990,"y":1530},{"x":990,"y":1580},{"x":990,"y":1600}],"counts":[1,1,1,1]},{"startIndex":38,"endIndex":31,"startConnectorIndex":2,"endConnectorIndex":0,"nodes":[{"x":1050,"y":1750},{"x":1050,"y":1840},{"x":1090,"y":1840},{"x":1090,"y":1860}],"counts":[1,1,1,1]},{"startIndex":37,"endIndex":38,"startConnectorIndex":2,"endConnectorIndex":0,"nodes":[{"x":730,"y":1640},{"x":730,"y":1690},{"x":1050,"y":1690},{"x":1050,"y":1710}],"counts":[1,1,1,1]},{"startIndex":36,"endIndex":38,"startConnectorIndex":2,"endConnectorIndex":0,"nodes":[{"x":990,"y":1640},{"x":990,"y":1690},{"x":1050,"y":1690},{"x":1050,"y":1710}],"counts":[1,1,1,1]},{"startIndex":35,"endIndex":38,"startConnectorIndex":2,"endConnectorIndex":0,"nodes":[{"x":1110,"y":1640},{"x":1110,"y":1690},{"x":1050,"y":1690},{"x":1050,"y":1710}],"counts":[1,1,1,1]},{"startIndex":34,"endIndex":38,"startConnectorIndex":2,"endConnectorIndex":0,"nodes":[{"x":1350,"y":1640},{"x":1350,"y":1690},{"x":1050,"y":1690},{"x":1050,"y":1710}],"counts":[1,1,1,1]},{"startIndex":42,"endIndex":46,"startConnectorIndex":2,"endConnectorIndex":0,"nodes":[{"x":780,"y":1010},{"x":780,"y":1060},{"x":480,"y":1060},{"x":480,"y":1080}],"counts":[1,1,1,1]},{"startIndex":43,"endIndex":46,"startConnectorIndex":2,"endConnectorIndex":0,"nodes":[{"x":540,"y":1010},{"x":540,"y":1060},{"x":480,"y":1060},{"x":480,"y":1080}],"counts":[1,1,1,1]},{"startIndex":44,"endIndex":46,"startConnectorIndex":2,"endConnectorIndex":0,"nodes":[{"x":420,"y":1010},{"x":420,"y":1060},{"x":480,"y":1060},{"x":480,"y":1080}],"counts":[1,1,1,1]},{"startIndex":45,"endIndex":46,"startConnectorIndex":2,"endConnectorIndex":0,"nodes":[{"x":160,"y":1010},{"x":160,"y":1060},{"x":480,"y":1060},{"x":480,"y":1080}],"counts":[1,1,1,1]},{"startIndex":40,"endIndex":44,"startConnectorIndex":1,"endConnectorIndex":0,"nodes":[{"x":360,"y":900},{"x":420,"y":900},{"x":420,"y":950},{"x":420,"y":970}],"counts":[1,1,1,1]},{"startIndex":40,"endIndex":45,"startConnectorIndex":3,"endConnectorIndex":0,"nodes":[{"x":220,"y":900},{"x":160,"y":900},{"x":160,"y":950},{"x":160,"y":970}],"counts":[1,1,1,1]},{"startIndex":41,"endIndex":42,"startConnectorIndex":1,"endConnectorIndex":0,"nodes":[{"x":730,"y":900},{"x":780,"y":900},{"x":780,"y":950},{"x":780,"y":970}],"counts":[1,1,1,1]},{"startIndex":41,"endIndex":43,"startConnectorIndex":3,"endConnectorIndex":0,"nodes":[{"x":590,"y":900},{"x":540,"y":900},{"x":540,"y":950},{"x":540,"y":970}],"counts":[1,1,1,1]},{"startIndex":39,"endIndex":40,"startConnectorIndex":2,"endConnectorIndex":0,"nodes":[{"x":480,"y":830},{"x":480,"y":850},{"x":290,"y":850},{"x":290,"y":870}],"counts":[1,1,1,1]},{"startIndex":39,"endIndex":41,"startConnectorIndex":2,"endConnectorIndex":0,"nodes":[{"x":480,"y":830},{"x":480,"y":860},{"x":660,"y":860},{"x":660,"y":870}],"counts":[1,1,1,1]},{"startIndex":15,"endIndex":17,"startConnectorIndex":1,"endConnectorIndex":0,"nodes":[{"x":480,"y":640},{"x":500,"y":640},{"x":500,"y":680},{"x":480,"y":680},{"x":480,"y":700}],"counts":[1,1,1,1,1]},{"startIndex":15,"endIndex":14,"startConnectorIndex":3,"endConnectorIndex":3,"nodes":[{"x":380,"y":640},{"x":360,"y":640},{"x":360,"y":560},{"x":410,"y":560},{"x":430,"y":560}],"counts":[1,1,1,1,1]},{"startIndex":14,"endIndex":15,"startConnectorIndex":2,"endConnectorIndex":0,"nodes":[{"x":480,"y":580},{"x":480,"y":600},{"x":430,"y":600},{"x":430,"y":620}],"counts":[1,1,1,1]},{"startIndex":13,"endIndex":14,"startConnectorIndex":1,"endConnectorIndex":0,"nodes":[{"x":480,"y":480},{"x":500,"y":480},{"x":500,"y":520},{"x":480,"y":520},{"x":480,"y":540}],"counts":[1,1,1,1,1]},{"startIndex":24,"endIndex":13,"startConnectorIndex":2,"endConnectorIndex":0,"nodes":[{"x":480,"y":420},{"x":480,"y":440},{"x":430,"y":440},{"x":430,"y":460}],"counts":[1,1,1,1]},{"startIndex":13,"endIndex":24,"startConnectorIndex":3,"endConnectorIndex":3,"nodes":[{"x":380,"y":480},{"x":360,"y":480},{"x":360,"y":400},{"x":410,"y":400},{"x":430,"y":400}],"counts":[1,1,1,1,1]},{"startIndex":6,"endIndex":24,"startConnectorIndex":2,"endConnectorIndex":0,"nodes":[{"x":480,"y":340},{"x":480,"y":360},{"x":480,"y":380}],"counts":[1,1,1]},{"startIndex":16,"endIndex":6,"startConnectorIndex":1,"endConnectorIndex":0,"nodes":[{"x":530,"y":240},{"x":550,"y":240},{"x":550,"y":280},{"x":480,"y":280},{"x":480,"y":300}],"counts":[1,1,1,1,1]},{"startIndex":16,"endIndex":1,"startConnectorIndex":3,"endConnectorIndex":2,"nodes":[{"x":430,"y":240},{"x":410,"y":240},{"x":410,"y":160},{"x":900,"y":160},{"x":900,"y":140}],"counts":[1,1,1,1,1]},{"startIndex":5,"endIndex":16,"startConnectorIndex":2,"endConnectorIndex":0,"nodes":[{"x":480,"y":180},{"x":480,"y":200},{"x":480,"y":220}],"counts":[1,1,1]},{"startIndex":5,"endIndex":1,"startConnectorIndex":1,"endConnectorIndex":2,"nodes":[{"x":530,"y":160},{"x":900,"y":160},{"x":900,"y":140}],"counts":[1,1,1]},{"startIndex":1,"endIndex":5,"startConnectorIndex":3,"endConnectorIndex":0,"nodes":[{"x":850,"y":120},{"x":480,"y":120},{"x":480,"y":140}],"counts":[1,1,1]},{"startIndex":17,"endIndex":39,"startConnectorIndex":2,"endConnectorIndex":0,"nodes":[{"x":480,"y":740},{"x":480,"y":770},{"x":480,"y":790}],"counts":[1,1,1]},{"startIndex":31,"endIndex":47,"startConnectorIndex":2,"endConnectorIndex":0,"nodes":[{"x":1090,"y":1900},{"x":1090,"y":2010},{"x":900,"y":2010},{"x":900,"y":2025}],"counts":[1,1,1,1]},{"startIndex":46,"endIndex":47,"startConnectorIndex":2,"endConnectorIndex":0,"nodes":[{"x":480,"y":1120},{"x":480,"y":2010},{"x":900,"y":2010},{"x":900,"y":2025}],"counts":[1,1,1,1]}],"x0":744.5416666666666,"y0":130.7499999999999}